text,confluence_url
"Сформировать справку-вызов Вы можете самостоятельно в личном кабинете на портале ""Вместе""  https://vmeste.utmn.ru/login  (раздел ""Обучение""=>""Справки""). После подписания скан-копия справки-вызов направляется на корпоративную студенческую почту. ВАЖНО! На основании ст. 173 Трудового кодекса РФ и п. 4.5. Положения о текущем контроле успеваемости и промежуточной аттестации обучающихся ФГАОУ ВО ТюмГУ справка-вызов на текущую сессию студентам заочной формы обучения оформляется только при успешной сдаче предыдущей сессии и предоставляется до начала сессии.   При наличии академической задолженности за предыдущую сессию, справка-вызов не предоставляется.",https://confluence.utmn.ru/pages/viewpage.action?pageId=86478987
"По вопросу получения справки для военкомата Вам необходимо обратиться в Отдел мобилизационной подготовки написав на почту  omp@utmn.ru   или позвонив по телефону (3452)  59-74-88,  59-75-82 . Адрес: ул. Перекопская, 15А каб.408 .  Часы работы: пн. - чт.: с 10.00 до 12.00 и с 14.00 до 16.00 пт.:  с 10.00 до 12.00 суббота, воскресенье: выходные",https://confluence.utmn.ru/pages/viewpage.action?pageId=86478990
"Студенты очной формы обучения оформляют справку о подтверждении обучения самостоятельно с помощью магнитной карты в любом из терминалов, расположенных на территории Университета: в холле 1 этажа (ул. Семакова, д. 18), Школы компьютерных наук (ул. Перекопская, д.15а), Института государства и права (ул. Ленина, д.38), Финансово-экономического института (ул. Ленина, 16), Школы образования (проезд 9 Мая, д.5) При отсутствии магнитной карты Вы можете обратиться к специалисту Единого деканата (ул. Семакова, д.18, 3 этаж, холл) и подать заявление на ее восстановление. При себе необходимо иметь паспорт или студенческий билет.  Студенты заочной и очно-заочной форм обучения могут заказать справку об обучении, написав на почту Единого деканата (ed@utmn.ru)",https://confluence.utmn.ru/pages/viewpage.action?pageId=86478992
"Для оформления академической справки (справки о периоде обучения) Вам необходимо подать заявку в «Единый деканат» по адресу ул. Семакова, д. 18 (3 этаж, холл) либо на электронную почту  ed@utmn.ru . Академическая справка готовится в течение 5 (пяти) рабочих дней. По готовности скан-копия документа направляется на корпоративную студенческую почту.",https://confluence.utmn.ru/pages/viewpage.action?pageId=86478994
"По вопросу получения справки о доходах (получении или отсутствии стипендии), размере стипендии или пособии необходимо обратиться в Сервисный центр бухгалтерии, написав на почту  12222@utmn.ru  или позвонив (3452) 59-76-76.  Адрес: ул. Кирова, д. 25/1. Часы работы: пн.-чт. 09.00-17.00 пт. 09.00-16.00 обед 12.30-13.15 сб., вс. - выходные дни.",https://confluence.utmn.ru/pages/viewpage.action?pageId=86478996
"Восстановление для обучения в Университете возможно в течение пяти лет после отчисления при наличии вакантных мест по соответствующей форме обучения, соответствующему направлению подготовки (специальности) и на курсе, но не ранее завершения учебного года в котором указанное лицо было отчислено. Восстановление лица, ранее обучавшегося за счет бюджетных ассигнований федерального бюджета осуществляется однократно при наличии вакантных мест и на конкурсной основе. Заявления на восстановление в Университет по  очной и очно-заочной  формам обучения принимаются два раза в год: с 01 июня по 31 июля на осенний семестр и с 01 ноября по 31 декабря на весенний семестр. Заявления на восстановление на  заочную форму  обучения принимаются не позднее, чем за 2 месяца до начала учебно-экзаменационной сессии (практики) в соответствии с календарным учебным графиком   https://www.utmn.ru/obrazovanie/vysshee-obrazovanie/grafiki-uchebnogo-protsessa/ Восстановление на  первый семестр  (триместр, модуль)  первого курса  допускается в случае, если перезачету подлежит одна и более дисциплины, изученные им ранее. Заявления на восстановление на первый семестр (триместр, модуль) первого курса по всем формам обучения принимаются, как правило, с 10 по 25 августа соответствующего календарного года. Необходимый пакет документов для восстановления: - Заявление о восстановлении;  - Заявление на перезачет дисциплин с оценки «зачтено» на оценку «удовлетворительно»; - Согласие на обработку персональных данных;   - Согласие на обработку персональных данных, разрешенных субъектом персональных данных для распространения;   - Копия паспорта (страница с фото + прописка. Если паспорт иностранного гражданина, то также копия перевода паспорта);   - Копия СНИЛС (при наличии).     Бланки заявлений и бланки согласий на обработку персональных данных можно скачать по ссылке  https://www.utmn.ru/o-tyumgu/organizatsionnaya-skhema-tyumgu/edinyy-dekanat/blanki-zayavleniy/vosstanovlenie/ Заявление Вы можете подать лично в Едином деканате по адресу ул.Семакова, д.18 (3 этаж, холл) (при себе необходимо иметь паспорт и СНИЛС), либо дистанционно, отправив пакет документов на электронную почту  ed@utmn.ru",https://confluence.utmn.ru/pages/viewpage.action?pageId=86479005
"Лицо, не прошедшее государственную итоговую аттестацию,  может повторно пройти государственную итоговую аттестацию (далее - ГИА)  не ранее чем через 10 месяцев  и не позднее чем через пять лет после срока проведения ГИА впервые.   Указанное лицо может повторно пройти ГИА не более двух раз после прохождения ГИА впервые. Заявления на восстановление для прохождения государственной итоговой аттестации принимаются не позднее 3 (трех) недель до начала подготовки к итоговым испытаниям в соответствии с утвержденным календарным учебным графиком на текущий учебный год  https://www.utmn.ru/obrazovanie/vysshee-obrazovanie/grafiki-uchebnogo-protsessa/ Необходимый пакет документов для восстановления: - Заявление о восстановлении для прохождения ГИА;  - Согласие на обработку персональных данных;   - Согласие на обработку персональных данных, разрешенных субъектом персональных данных для распространения;   - Копия паспорта (страница с фото + прописка. Если паспорт иностранного гражданина, то также копия перевода паспорта);   - Копия СНИЛС (при наличии).     Бланк заявления и бланки согласий на обработку персональных данных можно скачать по ссылке   https://www.utmn.ru/o-tyumgu/organizatsionnaya-skhema-tyumgu/edinyy-dekanat/blanki-zayavleniy/vosstanovlenie/ Заявление Вы можете подать лично в Едином деканате по адресу ул.Семакова, д.18 (3 этаж, холл) (при себе необходимо иметь паспорт и СНИЛС), либо дистанционно, отправив пакет документов на электронную почту  ed@utmn.ru",https://confluence.utmn.ru/pages/viewpage.action?pageId=86479009
"Отношусь к малочисленным народам севера  
 
                                                                               (да/нет)  
Отношусь к льготным категориям граждан  
________________________________________________________________ ________________  
(к детям -сиротам и детям, оставшимися без попеч ения родителей, или к лицам из их числа; 
к лицам, потерявшим в период обучения обоих родителей или единственного родителя;  
к детям -инвалидам, инвалидам I и II групп, инвалидам с детства; обучающемуся, 
получавшему государственную социальную помощь; обучающе муся, подвергшегося 
воздействию радиации вследствие катастрофы на Чернобыльской АЭС и иных радиационных 
катастроф, вследствие ядерных испытаний на Семипалатинском полигоне; обучающемуся, 
являющимся инвалидом вследствие военной травмы или заболевания, получ енных в период 
прохождения военной службы; ветеранам боевых действий; обучающемуся в возрасте  
до 20 лет, у которого единственный родитель является инвалидом I группы)  
 
 
ФИО (полностью)  _________ ___________ ____ ____ __    _______ ____________ _____. 
                                                                                                                                (подпись)  
 
 
Приложение:  паспортные данные , согласие на обработку персональных данных,  согласие на 
обработку персональных данных, разрешенных субъектом персональных данных  
для распространения , страховой номер индивидуального лицевого счёта  (СНИЛС) , справка  
о периоде обучения (справка об обучении) (при наличии).  
 
 
Наличие вакантных мест (количество)  _________  
Подп ись, дата",https://confluence.utmn.ru/pages/viewpage.action?pageId=86478999&preview=%2F86478999%2F86479021%2FPologhenie_o_poryadke_otchisleniya_vosstanovleniya_obuchayuschixsya_TyumGU.pdf
"Заявление подается через личный кабинет на портале ""Вместе"" во вкладке ""Обучение"" → ""Заявления"".  Отпуск по беременности и родам предоставляется обучающемуся на основании личного заявления и выданной в установленном порядке медицинской справки. Продолжительность отпуска по беременности и родам составляет 70 (в случае многоплодной беременности – 84) календарных дней до родов и 70 (в случае осложненных родов – 86, при рождении двух или более детей – 110) календарных дней после родов, исчисляется суммарно и предоставляется полностью независимо от числа дней, фактически использованных обучающимся до родов.  Отпуск по уходу за ребенком до достижения им возраста трех лет предоставляется обучающемуся, являющемуся матерью (отцом, опекуном) на основании личного заявления, к которому прилагается копия свидетельства о рождении ребенка. Отпуск по уходу за ребенком до достижения им возраста трех лет оформляется сроком не более трех лет с момента рождения ребенка и может быть использован полностью или по частям.  За 3 недели до даты окончания отпуска необходимо подать заявление на выход из отпуска.  Бланк заявления на выход из отпуска можно скачать по ссылке   https://www.utmn.ru/o-tyumgu/organizatsionnaya-skhema-tyumgu/edinyy-dekanat/blanki-zayavleniy/otpusk/ .",https://confluence.utmn.ru/pages/viewpage.action?pageId=86479026
"Заявления о переводе принимаются два раза в год, как правило:   для студентов очной и очно–заочной форм обучения 2 курса и последующих: с одной образовательной программы на иную в течение 2 (двух) недель после окончания летней/зимней промежуточной аттестации в соответствии с календарным учебным графиком, 1 курса (1 семестр);  с одной образовательной программы на иную в течение 2 (двух) недель от начала семестра в соответствии с календарным учебным графиком, 1 курса (2 семестр);  в течение 2 (двух) недель после окончания летней промежуточной аттестации в соответствии с календарным учебным графиком;  с одной формы обучения на другую: с очной на очно-заочную, с очно-заочной на очную – в течение 2 (двух) недель после окончания летней/зимней промежуточной аттестации в соответствии с календарным учебным графиком;  с очной/очно-заочной формы обучения на заочную с 1 сентября соответствующего календарного года, но не позднее, чем за 2 (два) месяца до начала промежуточной аттестации/практики текущего семестра (триместра, модуля) в соответствии с календарным учебным графиком;  для студентов заочной формы обучения: с одной образовательной программы на иную не позднее, чем за 2 (два) месяца до начала промежуточной аттестации/практики текущего семестра (триместра, модуля) иной образовательной программы;  с одной формы обучения на другую; с заочной на очную/очно – заочную форму обучения в первые 2 (две) недели начала семестра по очной/ очно – заочной форме обучения в соответствии с календарным учебным графиком. Пакет документов для перевода: Заявление о переводе Заявление на перезачет с оценки ""зачтено"" на ""удовлетворительно""  Бланки заявлений можно скачать по ссылке  https://www.utmn.ru/o-tyumgu/organizatsionnaya-skhema-tyumgu/edinyy-dekanat/blanki-zayavleniy/perevod-vnutri/   Заявления Вы можете подать лично в «Едином деканате» по адресу ул.Семакова, д.18 (3 этаж, холл) или направить на электронную почту  ed@utmn.ru",https://confluence.utmn.ru/pages/viewpage.action?pageId=86479041
"Для перевода в другую образовательную организацию обучающемуся необходимо: 1.Заказать справку о периоде обучения (справку об обучении). Обучающийся, желающий быть переведенным в другую образовательную организацию представляет в Единый деканат лично или по личной корпоративной электронной почте на электронный адрес  ed@utmn.ru  заявку на выдачу справки о периоде обучения (справки об обучении).  Академическая справка готовится в течение 5 (пяти) рабочих дней.   2.  Обратиться в принимающую образовательную организацию с заявлением о переводе и справкой о периоде обучения (справкой об обучении). 3.  Получить справку о согласии на перевод в принимающей образовательной организации.  4. Оформить отчисление в ТюмГУ: в  личном кабинете на портале «Вместе» обучающийся подает заявление об отчислении в порядке перевода в другой вуз с приложением справки о переводе и перечня изученных дисциплин, пройденных практик, выполненных научных исследований, которые будут перезачтены или переаттестованы обучающемуся при переводе (при наличии). В течение 5 (пяти) рабочих дней со дня представления пакета документов в Единый деканат издается приказ об отчислении обучающегося в связи с переводом в другую образовательную организацию.",https://confluence.utmn.ru/pages/viewpage.action?pageId=86479043
"По вопросам договора об оказании платных образовательных услуг, оплаты обучения, суммы задолженности, оплаты обучения материнским капиталом, получения реквизитов необходимо обращаться в отдел платных образовательных услуг, написав на почту  udodep@utmn.ru  или позвонив по телефону  (3452) 59-77-59,  59-74-00, доб.14312, либо 14314, либо 14362. Адрес: ул. Ленина, д.16, каб. 105.  Часы работы пн. - чт.: с 9:00 до 17:00, пт.: с 9:00 до 16:00, обед с 13:00 до 14:00 суббота, воскресенье: выходные По вопросу возврата и перезачета денежных средств необходимо обращаться в Сервисный центр бухгалтерии, написав на почту  12222@utmn.ru  или позвонив по телефону 8 (3452) 59-76-76. Адрес: ул. Кирова, д. 25/1.  Часы работы: пн.-чт. 09.00-17.00 пт. 09.00-16.00 обед 12.30-13.15 сб., вс. - выходные дни.",https://confluence.utmn.ru/pages/viewpage.action?pageId=86479050
"Для  восстановления студенческого билета  Вам необходимо подать заявление в Едином деканате (ул. Семакова, д.18, холл 3 этажа). При себе иметь фото 3*4 и паспорт.  Чтобы  продлить студенческий билет , необходимо подойти в Единый деканат к специалисту, курирующему Ваш институт (ул. Семакова, д.18, каб.302 либо 305). Если Вы  потеряли магнитную карту  (пропуск, проходка), необходимо подать заявление на ее восстановление в Едином деканате (ул. Семакова, д.18, 3 этаж). При себе иметь паспорт или студенческий билет. Если Ваша  магнитная карта (пропуск, проходка) не работает , необходимо обратиться в Центр информационных технологий по адресу: ул. Ленина, д.23, каб. 310. При себе иметь карту, паспорт либо продленый студенческий билет. Телефон Единого деканата: 8 (3452) 59-75-95, email:  ed@utmn.ru",https://confluence.utmn.ru/pages/viewpage.action?pageId=86479052
"По вопросам, касающимся общежития, обратитесь в Центр по работе с общежитиями. Адрес: ул. Красина, д.19 (общежитие №5), телефон: (3452) 59-75-69",https://confluence.utmn.ru/pages/viewpage.action?pageId=86479054
"Выбор спортивных секций по Физической культуре будет проходить в ИС Модеус во вкладке ""Выбор модулей"".  Вам нужно будет выбрать 2 интересующие Вас спортивные секции, которые будут проходить каждую неделю в одно и то же время.  Ограничения: 1) Записаться можно не более чем на 2 занятия в неделю 2) Нельзя записываться на два занятия подряд.  Вас могут не допустить на занятие, если Вы были на предыдущей паре и/или уже посетили два занятия за неделю. При этом расписание на наличие конфликтов Вы проверяете самостоятельно в соответствии с Вашим расписанием в ИС Модеус и расписанием спортивных секций (во вложенных файлах). Ваш выбор пролонгируется до конца семестра, однако в любой момент Вы можете его изменить, отписавшись от одной секции и записавшись на другую. ВАЖНО!  Студент, пропустивший два занятия подряд, будет отписан автоматически. Выбор Физической культуры откроется 06.09.2023 и будет открыт до конца семестра.  Для успешной аттестации по дисциплине «Физическая культура: элективные курсы по видам спорта» Вы должны набрать не менее 61 балла по балльно-рейтинговой оценочной шкале. Для этого Вы можете: 1) Посещать академические занятия (3 балла за каждое занятие); 2) Принять участие в спортивно-массовых мероприятиях университета: Днях здорового образа жизни, Маршрут Дружбы, Кросс Наций, и других (0-10 баллов за каждое мероприятие). 3) Принять участите в соревнованиях по видам спорта (0 – 60 баллов); 4) Выполнить ВФСК ГТО (0 – 60 баллов). Для оформления посещения частного фитнес-клуба или тренажёрного зала вместо практических занятий по физкультуре студент к первому занятию по физической культуре представляет тренеру-преподавателю по спорту (куратору по физкультуре)  пакет документов  и приходит на зачётное мероприятие. ВАЖНО!!!  Все документы должны быть предоставлены в течение первой учебной недели. Список ответственных за прием документов спортзала по институтам (Ленина, 6):  1. ИГиП, Антропошкола – Пырлич Юлия Васильевна (y.v.pyrlich@utmn.ru) 2. СоцГум- Ерженин Владимир Сергеевич (v.s.erzhenin@utmn.ru) 3. ФЭИ - Копякова Анна Леонидовна (a.l.kopyakova@utmn.ru) 4. ИнЗем  - Питулин Артём Владимирович (a.v.pitulin@utmn.ru) 5. ФТИ, ИнХим, ШЕН –Пырлич Юлия Васильевна (y.v.pyrlich@utmn.ru) 6. ИнБио - Криводанова Наталья Александровна (n.a.krivodanova@utmn.ru) 7. Школа образования - Баянов Николай Ильич (n.i.bayanov@utmn.ru) 8. ШКН - Тверских Владислав Владимирович (vl.v.tverskikh@utmn.ru)",https://confluence.utmn.ru/pages/viewpage.action?pageId=86479056
"Я согласен (а) на переаттестацию дисциплин (ы), изученных (ной) мною 
ранее, указ анных (ной) в учебной кар точке/справке о периоде  
обучения  __________________, __________ _____ __________ _. 
                                  (да/нет)                           (подпись обучающегося)  
 
Я уведомлен  (а) о том, что до выхода приказа о переводе являюсь 
обучающимся того направления подготовки (специальности), профиля 
(специализации, магистерской программы), формы обучения, на которой 
числюсь, и обязан выполнять все обязательства, касающиеся образовательно го 
процесса, в том числе в части оплаты обучения в случае обучения на мест е по 
договору об оказании платных образовательных услуг  _____________ ____ ___. 
                                                                                                                  (подпись обучающегося)  
 
Я уведомлен о том, что в  соответствии с требованиями ФГОС ВО  
при возникновении превышения допустимых норм в части объема программы  
по количеству зачетных единиц  за один учебный год, согласен  (а) перевод  
с понижением курс а (ов) _____________ _____ ___. 
                                                     (подпись обучающегося)  
 
Отношусь к малочисленным народам севера  ____________________________ . 
                                                                                                    (да/нет)  
 
Отношус ь к льготным категориям граждан 
________________________________________________ ____________________  
(к детям -сиротам и детям, оставшимися без попечения родителей, или к лицам из их числа;  
к лицам, потерявшим в период обучения обоих родителей или единственного родителя;  
к детям -инвалидам, инвалидам I и II групп, инвалидам с детства; обучающемуся, получавшему 
государственную социальную помощь ; обучающемуся, подвергшегося воздействию радиации 
вследствие катастрофы на Чернобыльской АЭС и иных радиационных катастроф, вследствие 
ядерных испытаний на Семипалатинском полигоне; обучающемуся, являющимся инвалидом 
вследствие военной травмы или заболева ния, полученных в период прохождения военной 
службы; ветеранам боевых действий; обучающемуся в возрасте до 20 лет, у которого 
единственный родитель является инвалидом I группы)  
 
 
ФИО (указать полностью) ___________ Подпись обучающегося _____________  
 
Налич ие вакантных мест (количество) ________  
Увеличение периода обучения на 1 год (да/нет)  
Подпись, дата",https://confluence.utmn.ru/pages/viewpage.action?pageId=86479039&preview=%2F86479039%2F86479060%2FPoryadok_perevoda_obuchayuschixsya_VO.pdf
"Прежде, чем выбрать элективы, рекомендуем почитать отзывы на сервисе «Отзывус»:  https://electives.utmn.ru . Там же можно написать о своём опыте изучения элективных дисциплин. Информация, о том, как поменять электив, отправляется на корпоративную почту в первую учебную неделю семестра.",https://confluence.utmn.ru/pages/viewpage.action?pageId=86479065
На данной странице вы можете ознакомиться с регламентами дисциплин ядерной программы: История России Реализация Об утверждении Регламент… Принципы естественнонаучного познания Реализация Об утверждении Регламент… Проектно-исследовательская работа и  Реализация Об утверждении Регламент… Аттестация (+ цифровая культура) Об утверждении Регламент… Россия и мир Реализация Об утверждении Регламент… Философия: технологии мышления Аттестация Об утверждении Регламент… Аналитическое чтение Аттестация Об утверждении Регламент… Аналитическая систематика Реализация Об утверждении Регламент… Математика Аттестация Об утверждении Регламент… Дискретная математика Аттестация Об утверждении Регламент… Математический анализ Аттестация Об утверждении Регламент… Алгебра Аттестация Об утверждении Регламент… Основы программирования Аттестация Об утверждении Регламент… Программирование и основы алгоритмизации Аттестация Об утверждении Регламент… Базы данных Аттестация Об утверждении Регламент… Иностранный язык Аттестация Об утверждении Регламент…,https://confluence.utmn.ru/pages/viewpage.action?pageId=86479068
В Тюменском государственном университете представлены Honors-треки: Спортивное программирование Капитаны Школа естественных наук Интеграция Нетология С подробностями вы можете ознакомиться в презентации: Honors-треки.pdf,https://confluence.utmn.ru/pages/viewpage.action?pageId=86479082
"Если Вы являетесь студентом ТюмГУ, то для получения документов (аттестата, диплома) из личного дела Вам необходимо обратиться в Единый деканат. Запрос обрабатывается до пяти рабочих дней. Если Вы были отчислены или являетесь выпускником, то для получения документов из личного дела Вам необходимо направить запрос на выдачу документов из архивного фонда ТюмГУ на почту  common@utmn.ru Бланк запроса Вы можете скачать по ссылке   https://www.utmn.ru/o-tyumgu/organizatsionnaya-skhema-tyumgu/upravlenie-po-rabote-s-personalom/struktura/sluzhba-dokumentatsionnogo-obespecheniya/blanki-zayavleniy/",https://confluence.utmn.ru/pages/viewpage.action?pageId=108233001
"Заявление о переводе на бюджет подается в личном кабинете на портале ""Вместе"" в определенные сроки и формируется автоматически при заполнении всех соответствующих полей. Сроки подачи заявления и порядок перевода доступны по ссылке  https://www.utmn.ru/studentam/perevod-na-byudzhet/poryadok-perevoda/ Polozhenie-o-perekhode-o…",https://confluence.utmn.ru/pages/viewpage.action?pageId=108233005
"Изменение перечня выбранных элективов после окончания периода выбора возможно в течение первой недели реализации элективных дисциплин (до второй учебной встречи) при наличии вакантных мест на реализуемых элективах и отсутствии конфликтов в расписании обучающегося. Перевод обучающегося  очной и очной-заочной форм  обучения из одной группы (подгруппы) в другую при наличии свободных мест осуществляется в течение первых двух недель в начале семестра в соответствии с календарным учебным графиком. Перевод обучающегося  заочной формы  обучения из одной группы (подгруппы) в другую при наличии свободных мест осуществляется не позднее, чем за одну неделю до начала учебно-экзаменационной сессии в соответствии с календарным учебным графиком.",https://confluence.utmn.ru/pages/viewpage.action?pageId=108233007
"Пересдача может быть произведена только на последнем курсе обучения и только для получения диплома с отличием. Пересдать можно одну оценку «удовлетворительно», если она является единственной, или оценку «хорошо» при отсутствии оценок «удовлетворительно». Не допускается пересдача практик и курсовых работ. Студент может подать заявление в Едином деканате после прохождения промежуточной аттестации. Если в семестре предусмотрено только прохождение практики, то заявление подается в первые 2 (две) недели от начала семестра (триместра, модуля). Пересдача может быть назначена только до подписания приказа о допуске к государственной итоговой аттестации. Диплом с отличием выдается при следующих условиях: -    все указанные в приложении к диплому оценки по дисциплинам (модулям), практикам, курсовым работам (проектам) являются оценками “отлично” и “хорошо” -    все оценки по результатам государственной итоговой аттестации – “отлично” -    количество указанных в приложении к диплому оценок “отлично”, включая оценки по ГИА, составляет не менее 75%.",https://confluence.utmn.ru/pages/viewpage.action?pageId=108233009
"При несогласии с результатами промежуточной аттестации или первой повторной промежуточной аттестации по учебному предмету, дисциплине, модулю, практике обучающийся имеет право подать апелляцию. Апелляцию можно подать лично в Едином деканате либо посредством электронной корпоративной почты. Если это дисциплина общеобразовательного блока, то апелляция подается в Управление индивидуальных образовательных траекторий. Апелляция по устному экзамену (зачету), практике подается в день его сдачи, защиты отчета о результатах практики; по письменному – в день объявления оценки. В случае завершения экзамена (зачета) после 18:00 в соответствии с расписанием, апелляция может быть подана на следующий день. Оценка, выставленная экзаменационной комиссией по итогам второй повторной промежуточной аттестации (комиссионной пересдачи) является окончательной, апелляции не принимаются.",https://confluence.utmn.ru/pages/viewpage.action?pageId=108233012
"Студент имеет право подать апелляцию о нарушении, по его мнению, установленной процедуры проведения государственного аттестационного испытания и (или) несогласии с результатами государственного экзамена. Апелляция подается студентом лично в Службу документационного обеспечения (ул. Володарского, д.6, каб.111) не позднее следующего рабочего дня после объявления результатов государственного аттестационного испытания.",https://confluence.utmn.ru/pages/viewpage.action?pageId=108233014
"Перезачет – это процедура аттестации с целью признания в полном объеме результатов освоения дисциплин (иных видов учебных работ), пройденных студентом в университете или в других образовательных организациях, полностью освобождающая его от необходимости повторного освоения дисциплины (иных видов учебных работ) и прохождения по ним промежуточной аттестации. Подать заявление о перезачете дисциплины  с предоставлением подтверждающего документа  можно не позднее, чем за три недели до начала промежуточной аттестации по данной дисциплине лично в Едином деканате или дистанционно, направив документы на электронную почту  ed@utmn.ru Бланк заявления доступен по ссылке  https://www.utmn.ru/o-tyumgu/organizatsionnaya-skhema-tyumgu/edinyy-dekanat/blanki-zayavleniy/inye-zayavleniya/ Обращаем внимание!  Для  студента высшего образования из диплома о среднем профессиональном образовании разрешается перезачет только дисциплин по физической культуре и спорту. Polozhenie-ob-attestatsi…",https://confluence.utmn.ru/pages/viewpage.action?pageId=108233017
"Обучающийся, имеющий уважительную причину отсутствия на экзамене (зачете), подтвержденную документально, обязан любым доступным для него способом (корпоративная электронная почта, телефон, почтовое письмо) сообщить об этом в Единый деканат в течение 5 (пяти) рабочих дней с момента возникновения причины и подать заявление с подтверждающим документом в течение  3 (трех) рабочих дней с момента их получения (закрытия). Медицинский документ, представленный обучающимся после получения неудовлетворительной оценки на экзамене (зачете), к рассмотрению не принимается. Иные уважительные причины (смерть близкого родственника, природная катастрофа или стихийное бедствие, повестка для явки в суд или в правоохранительные органы) подтверждаются документально не позднее трех рабочих дней после неявки. К уважительным причинам не относится отсутствие обучающегося на экзамене (зачете), вызванное обстоятельствами, связанными с работой обучающегося (служебная командировка и т.п.), за исключением служащих в силовых ведомствах. Если документ, представленный обучающимся и подтверждающий уважительную причину отсутствия, является подложным, результаты промежуточной аттестации аннулируются, и обучающийся отчисляется из Университета. Заявление о переносе сроков промежуточной аттестации можно скачать по ссылке  https://www.utmn.ru/o-tyumgu/organizatsionnaya-skhema-tyumgu/edinyy-dekanat/blanki-zayavleniy/inye-zayavleniya/",https://confluence.utmn.ru/pages/viewpage.action?pageId=108233022
"Студент, не прошедший государственную итоговую аттестацию в связи с неявкой по уважительной причине, подтвержденной документально, вправе пройти ее в течение 6 месяцев после завершения ГИА без отчисления из вуза. Обучающийся, не прошедший один государственный экзамен по уважительной причине, допускается к сдаче следующего государственного экзамена (при его наличии), но не допускается к защите ВКР. Медицинский документ о болезни, представленный обучающимся после получения неудовлетворительной оценки на государственном аттестационном испытании, к рассмотрению не принимается. Заявление о переносе сроков государственной итоговой аттестации можно скачать по ссылке  https://www.utmn.ru/o-tyumgu/organizatsionnaya-skhema-tyumgu/edinyy-dekanat/blanki-zayavleniy/inye-zayavleniya/",https://confluence.utmn.ru/pages/viewpage.action?pageId=108233024
"Лицо, отчисленное по инициативе Университета за невыполнение условий договора об оказании платных образовательных услуг по причине просрочки оплаты стоимости платных образовательных услуг, может быть восстановлено сразу после внесения платы за соответствующий семестр (триместр, модуль), но не позднее семи рабочих дней после выхода приказа об отчислении. Пакет документов для восстановления: Заявление о восстановлении Копия паспорта (страница с фото + регистрация) Копия СНИЛС Согласие на обработку персональных данных Согласие на обработку персональных данных, разрешенных субъектом персональных данных для распространения Чек об оплате. Бланки заявления и согласий на обработку персональных данных  https://www.utmn.ru/o-tyumgu/organizatsionnaya-skhema-tyumgu/edinyy-dekanat/blanki-zayavleniy/vosstanovlenie/ Заявление Вы можете подать лично в Едином деканате по адресу ул.Семакова, д.18 (3 этаж, холл) (при себе необходимо иметь паспорт и СНИЛС), либо дистанционно, отправив пакет документов на электронную почту  ed@utmn.ru",https://confluence.utmn.ru/pages/viewpage.action?pageId=108233027
"бюджетов с убъектов Российской Федерации/ по договору об оказании платных 
образовательных услуг). 17 
 
Заявление о предоставлении отпуска в связи с участием в создании  
или созданного университетского стартапа  (стартап – проекта)   
 
Ректору ТюмГУ  
                                                                                                                 ФИО  
 
 
Я, ___________________________________________, студент (ка) ______курса  
                      ФИО обучающегося полностью  
____________________________________________________________________,  
                             наименование структур ного подразделения  
направление подготовки/ специальность ___________________________, 
профиль/специализация/ магистерская программа _________________________, 
очной/заочной/очно -заочной формы обучения (нужное подчеркнуть), 
обучающийся по договору об оказан ии платных образовательных услуг/  
на месте, финансируемом из федерального бюджета/бюджетов субъектов 
Российской Федерации  (нужное подчеркнуть) прошу в связи с участием в 
создании / созданного университетского стартапа  (стартап – проекта) 
предоставить акаде мический отпуск   с ___________ по _____________.  
 
 
______________                    ___________________                    ______________  
            (дата)                                     (подпись заявителя)                                        (ФИ О) 
 
 
 
 
 
  
 
 
  Приложение № 7 к Положению  
о порядке предоставления  
и выхода из академического отпуска, 
и иных отпусков для обучающихся  
в ФГАОУ ВО «Тюменский 
государственный университ ет»",https://confluence.utmn.ru/pages/viewpage.action?pageId=86479022&preview=%2F86479022%2F108233029%2FPolozhenie-o-poryadke-predostavleniya-akademicheskogo-otpuska-oktyabr-22-itog.pdf
"(нужное подчеркнуть)  
курс ______  
основа обучения (бюджет/ФЦП/договор)  
    (нужное подчеркнуть)  
_____________________________________  
(контактный телефон)  
e-mail  _______________________________  
(корпорат ивная почта)  Ректор у ТюмГУ  
    ФИО 16 
 
Приложение № 4 к Положению  
об аттестации обучающихся 
в федеральном государственном 
автономном образовательном 
учреждении высшего образования 
«Тюменский государственный 
университет»  
 
Заявление о перезачете дисциплин (иных видов учебных работ)  
 
 
ЗАЯВЛЕНИЕ  
______________  
       (дата)  
 
Прошу перезачесть дисциплины (иные виды учебных работ), изученные 
(пройденные) мною ранее:  
 
№ 
п/п Наименование 
дисциплины (иного вида 
учебных работ)  Семестр  
(триместр, 
модуль)  Количество 
з.е. (часы)  Оценка  
1     
2     
…     
 ___________ ______________________  
           (ФИО указать полностью)  
Институт/школа/филиал 
______________________________________  
Направление подготовки/специальность  
______________________________________  
Профиль/специализация/магистерская программа  
______________________________________  
форма обучения (очная/заочная/очно -заочная)  
       (нужное подчеркнуть)  
курс ______  
основа обучения (бюджет/ФЦП/договор)  
    (нужное подчеркнуть)  
_____________________________________  
                 (контактный телефон)  
e-mail  _______________________________  
                 (корпоративная почта)  Ректору ТюмГУ  
         ФИО",https://confluence.utmn.ru/pages/viewpage.action?pageId=108233017&preview=%2F108233017%2F108233055%2FPolozhenie-ob-attestatsii-may-2023.pdf
"деятельности  в соответствии с критериями, указанными в п.  2.1.1 . 
3.5. В результате рассмотрения заявления обучающегося и прилагаемых 
к нему документов Комиссией принимается одно из следующих решений:  
– о переходе обучающегося с платного обучения на бесплатное;  
– об от казе в переходе обучающегося с платного обучения на  бесплатное.  
3.6. Решение о переходе обучающегося с платного обучения на бесплатное 
принимается Комиссией с учетом количества вакантных бюджетных мест 
и приоритетов, установленных Комиссией, в соответствии  с пунктом 
3.3 настоящего Положения.  
3.7. При заполнении имеющихся вакантных мест с учетом приоритетов, 
установленных Комиссией, в соответствии с п . 3.4. настоящего Положения,  
в отношении оставшихся заявлений обучающихся Комиссией принимается 
решение об от казе в переходе с платного обучения на  бесплатное.  
3.8. Решение Комиссии  оформляется протоколом и  доводится до сведения 
обучающихся путем размещения выписки из протокола заседания Комиссии  
на сайте Университета и  доступно в личном кабинете на  корпоративно м портале 
«Вместе».  
3.9. Переход с платного обучения на бесплатное оформляется  приказом 
ректора  или иным уполномоченным лицом  Университета  не позднее  десяти  
календарных дней с даты принятия Комиссией решения о таком переходе. 11 
 
4. ЗАКЛЮЧИТЕЛЬНЫЕ ПОЛОЖЕНИЯ  
 
4.1. Изменения и дополнения к настоящему Положению вносятся 
в соответствии с нормативными правовыми актами Министерства  науки  
и высшего образования  Российской Федерации на основании решения Ученого 
совета Университета.  
4.2. Считать утратившим силу Положение о порядке и случаях перехода 
лиц, обучающихся по  образовательным программам среднего 
профессионального и высшего образования, с  платного обучения на бесплатное 
в федерально м государственно м автономном образовательно м учреждени и 
высшего образовани я «Тюменский государственный университет», 
утвержденное  решением Ученого совета  от 02.05.2023.",https://confluence.utmn.ru/pages/viewpage.action?pageId=108233005&preview=%2F108233005%2F108233058%2FPolozhenie-o-perekhode-obuchayushchikhsya-s-platnogo-obucheniya-na-besplatnoe-v-FGAOU-VO-Tyumenskiy-gosudarstvennyy-universitet.pdf
"Институт экологической и сельскохозяйственной биологии (X-BIO) :  УЛК-17   — ул. Ленина, 25 Школа перспективных исследований (SAS) :  УЛК-19   — ул. 8 марта 2/1 Институт социально-гуманитарных наук (СоцГум) :  УЛК-11   — ул. Ленина, 23 Школа компьютерных наук (ШКН) :  УЛК-05   — ул. Перекопская, 15а Институт государства и права (ИГиП) :  УЛК-10   — ул. Ленина, 38 Финансово-экономический институт (ФЭИ) :  УЛК-04   — ул. Ленина, 16 Институт физической культуры (ИФК) :  УЛК-07   — ул. Пржевальского, 37 Школа естественных наук (ШЕН) :  УЛК-03   — ул. Осипенко, 2;  УЛК-05   — ул. Перекопская, 15а;  УЛК-06   — ул. Пирогова, 3 Передовая инженерная школа (ПИШ) :  УЛК-04   — ул. Ленина, 16 Школа образования (ШО) :  УЛК-16   — ул. Проезд 9 Мая, 5 Международная школа предпринимательства (МШП) :  УЛК-10   — ул. Ленина, 38",https://confluence.utmn.ru/pages/viewpage.action?pageId=110919841
"работу двумя преподавателями, составляет 10 и более баллов, то назначается
третий преподаватель - куратор курса или лицо, рекомендованное куратором
курса  из  числа  преподавателей,  для  дополнительной  оценки  аналитической
работы. В этом случае итоговый балл за аналитическую работу определяется
как  среднее  арифметическое  от  суммы  баллов,  проставленных  тремя
преподавателями, и округляется в пользу обучающегося. 
2.12.Балл  за  аналитическую  работу  сообщается  обучающемуся
посредством образовательного портала lms.utmn.ru.
3.В случае несогласия с оценкой обучающийся может подать апелляцию
согласно  правилам,  установленным  в  Положении  о  текущем  контроле
успеваемости  и  промежуточной  аттестации  обучающихся  федерального
государственного  автономного  образовательного  учреждения  высшего
образования «Тюменский государственный университет».
4.Итоговая  оценка  по  дисциплине  определяется  как  сумма  баллов
текущей успеваемости и баллов, полученных за аналитическую работу.
5.Итоговая  сумма  баллов  переводится  преподавателем,  ведущим
практические  занятия  у  обучающегося,  в  оценку  в  соответствии  со  шкалой
перевода: 
− «отлично» – от 91 до 100 баллов; 
− «хорошо» – от 76 до 90 баллов; 
− «удовлетворительно» – от 61 до 75 баллов;
− «неудовлетворительно» – менее 61 балла.
6.Преподаватель,  ведущий  практические  занятия  у  обучающегося,
вносит результаты экзамена в информационную систему «Модеус». 
7.Оценки по дисциплине «Аналитическое чтение» выставляются в день
окончания проверки аналитической работы. 
8.Первая и вторая повторные аттестации по дисциплине «Аналитическое
чтение» проводятся в формате сдачи аналитической работы.",https://confluence.utmn.ru/pages/viewpage.action?pageId=86479068&preview=%2F86479068%2F115671115%2F%D0%9E%D0%B1+%D1%83%D1%82%D0%B2%D0%B5%D1%80%D0%B6%D0%B4%D0%B5%D0%BD%D0%B8%D0%B8+%D0%A0%D0%B5%D0%B3%D0%BB%D0%B0%D0%BC%D0%B5%D0%BD%D1%82%D0%B0+%D0%BF%D1%80%D0%BE%D0%B2%D0%B5%D0%B4%D0%B5%D0%BD%D0%B8%D1%8F+%D0%9F%D0%90+%D0%BF%D0%BE+%C2%AB%D0%90%D0%BD%D0%B0%D0%BB%D0%B8%D1%82%D0%B8%D1%87%D0%B5%D1%81%D0%BA%D0%BE%D0%BC%D1%83+%D1%87%D1%82%D0%B5%D0%BD%D0%B8%D1%8E%C2%BB.pdf
"презентации (выступающий владеет материалом; ясно и четко доносит свои
идеи до аудитории; говорит свободно, практически без опоры на текст)  (до 4
баллов).
Максимальное количество баллов за проект – 10.
2.3.Обучающиеся  проходят  собеседование  в  рамках  изученных  тем
Список тем предоставляется обучающемуся преподавателем после проведения
последнего занятия согласно расписанию. 
Максимальное количество баллов за собеседование – 20. 
2.4.Обучающиеся  предоставляют  отчетность  по  выполнению
практических заданий, назначаемых в течение семестра, в письменной форме.
Преподаватель  определяет  обязательные  задания  в  зависимости  от  уровня
языковой компетенции группы, в которую был определен обучающийся.
Максимальное количество баллов за отчетность – 60. 
3.На  зачет  выходят  обучающиеся,  не набравшие  61  балл  за  текущую
успеваемость,  или  желающие  улучшить  свой  результат.  В  случае,  если
обучающийся  выходит  на  зачет,  баллы  за  текущую  успеваемость
аннулируются.
4.Зачет  проводится  в  формате  очной  встречи  обучающегося
с  преподавателем  (если  иной  формат  не  предусмотрен  локальными
нормативными  актами  ФГАОУ  ВО  «Тюменский  государственный
университет»).
5.В случае несогласия с оценкой обучающийся может подать апелляцию
согласно  правилам,  установленным  в  Положении  о  текущем  контроле
успеваемости  и  промежуточной  аттестации  обучающихся  федерального
государственного  автономного  образовательного  учреждения  высшего
образования «Тюменский государственный университет».
6.Итоговая оценка по дисциплине определяется одним из способов:
– сумма баллов текущей успеваемости;
– сумма баллов, полученных на зачете.
7.Итоговая  сумма  баллов  переводится  преподавателем,  ведущим
лабораторные занятия  у обучающегося,  в оценку в соответствии со шкалой
перевода: 
− «отлично» – от 91 до 100 баллов; 
− «хорошо» – от 76 до 90 баллов; 
− «удовлетворительно» – от 61 до 75 баллов;
− «неудовлетворительно» – менее 61 балла. 3
8.Преподаватель,  ведущий  лабораторные  занятия  у  обучающегося,
вносит результат зачета в информационную систему «Модеус» в день зачета
согласно расписанию. 
9.Первая и вторая повторные аттестации по дисциплине «Иностранный
язык»  проводятся  в  соответствии  с  Положением  о  текущем  контроле
успеваемости  и  промежуточной  аттестации  обучающихся  ФГАОУ  ВО
«Тюменский государственный университет» .",https://confluence.utmn.ru/pages/viewpage.action?pageId=86479068&preview=%2F86479068%2F115671116%2F%D0%9E%D0%B1+%D1%83%D1%82%D0%B2%D0%B5%D1%80%D0%B6%D0%B4%D0%B5%D0%BD%D0%B8%D0%B8+%D0%A0%D0%B5%D0%B3%D0%BB%D0%B0%D0%BC%D0%B5%D0%BD%D1%82%D0%B0+%D0%BF%D1%80%D0%BE%D0%B2%D0%B5%D0%B4%D0%B5%D0%BD%D0%B8%D1%8F+%D0%9F%D0%90+%D0%BF%D0%BE+%C2%AB%D0%98%D0%BD%D0%BE%D1%81%D1%82%D1%80%D0%B0%D0%BD%D0%BD%D0%BE%D0%BC%D1%83+%D1%8F%D0%B7%D1%8B%D0%BA%D1%83%C2%BB.pdf
"деятельность, поставленных научным руководителем/консультантом, без учета
баллов, полученных командой за защиту.
28.По итогам защиты заполняется две экзаменационные ведомости, одна
по дисциплине «Проектно-исследовательская работа», вторая по дисциплине
«Цифровая культура».
29.Оценки  по  дисциплинам  «Проектно-исследовательская  работа»
и  «Цифровая  культура»  выставляются  в  экзаменационные  ведомости
не  позднее  дня  экзамена  любым  членом  экзаменационной  комиссии
в  соответствии  с  наименованием  дисциплины,  преподавателем  которой
он является.
30.Повторная  промежуточная  аттестация  по  дисциплинам  «Проектно-
исследовательская работа» и «Цифровая культура» проходит в соответствии
с Положением о текущем контроле успеваемости и промежуточной аттестации 4
обучающихся  федерального  государственного  автономного  образовательного
учреждения высшего образования «Тюменский государственный университет».",https://confluence.utmn.ru/pages/viewpage.action?pageId=86479068&preview=%2F86479068%2F115671118%2F%D0%9E%D0%B1+%D1%83%D1%82%D0%B2%D0%B5%D1%80%D0%B6%D0%B4%D0%B5%D0%BD%D0%B8%D0%B8+%D0%A0%D0%B5%D0%B3%D0%BB%D0%B0%D0%BC%D0%B5%D0%BD%D1%82%D0%B0+%D0%BF%D1%80%D0%BE%D0%B2%D0%B5%D0%B4%D0%B5%D0%BD%D0%B8%D1%8F+%D0%9F%D0%90+%D0%BF%D0%BE+%D0%B4%D0%B8%D1%81%D1%86%D0%B8%D0%BF%D0%BB%D0%B8%D0%BD%D0%B0%D0%BC+%C2%AB%D0%9F%D1%80%D0%BE%D0%B5%D0%BA%D1%82%D0%BD%D0%BE-%D0%B8%D1%81%D1%81%D0%BB%D0%B5%D0%B4%D0%BE%D0%B2%D0%B0%D1%82%D0%B5%D0%BB%D1%8C%D1%81%D0%BA%D0%B0%D1%8F+%D1%80%D0%B0%D0%B1%D0%BE%D1%82%D0%B0%C2%BB+%D0%B8+%C2%AB%D0%A6%D0%B8%D1%84%D1%80%D0%BE%D0%B2%D0%B0%D1%8F+%D0%BA%D1%83%D0%BB%D1%8C%D1%82%D1%83%D1%80%D0%B0%C2%BB.pdf
"право  задать  их  обучающемуся,  после  чего  обучающийся  обязан  на  них
ответить.  В  случае  некорректных  ответов  на  вопросы  преподавателя,
соответствующее  задание  (теоретическое  или  практическое)  считается
невыполненным.
8.Преподаватель,  ведущий  практические  занятия  в  группе,  в  течение
двух рабочих дней, вносит результаты экзамена в информационную систему
«Модеус». 
9.Критерии оценивания экзаменационной работы:
− «отлично» − верно  выполнено  более  60%  заданий  теста,
дан развернутый ответ на оба вопроса экзаменационного билета, даны ответы
на уточняющие вопросы преподавателя;
− «хорошо» − верно  выполнено  более  60%  заданий  теста,
дан  развернутый  ответ  на  один  из  вопросов  экзаменационного  билета
или  дан  ответ  на  оба  вопроса  экзаменационного  билета  с  существенными
замечаниями, но без ошибок в логике изложения материала;
− «удовлетворительно»  верно выполнено более 60% заданий теста;
− «неудовлетворительно»  верно выполнено менее 60% заданий теста.
10.В случае  несогласия  с  оценкой  обучающийся  может  подать
апелляцию  согласно  правилам,  установленным  в  Положении  о  текущем
контроле  успеваемости  и  промежуточной  аттестации  обучающихся
федерального  государственного  автономного  образовательного  учреждения
высшего образования «Тюменский государственный университет».
11.Первая  и  вторая  повторные  промежуточные  аттестации
по дисциплине «Алгебра» проводятся в онлайн-формате посредством учебного
портала  lms.utmn.ru,  а  также  по  утвержденным  экзаменационным  билетам
в  соответствии  с  Положением  о  текущем  контроле  успеваемости
и  промежуточной  аттестации  обучающихся  федерального  государственного
автономного образовательного учреждения высшего образования «Тюменский
государственный университет».",https://confluence.utmn.ru/pages/viewpage.action?pageId=86479068&preview=%2F86479068%2F115671119%2F%D0%9E%D0%B1+%D1%83%D1%82%D0%B2%D0%B5%D1%80%D0%B6%D0%B4%D0%B5%D0%BD%D0%B8%D0%B8+%D0%A0%D0%B5%D0%B3%D0%BB%D0%B0%D0%BC%D0%B5%D0%BD%D1%82%D0%B0+%D0%BF%D1%80%D0%BE%D0%B2%D0%B5%D0%B4%D0%B5%D0%BD%D0%B8%D1%8F+%D0%9F%D0%90+%D0%BF%D0%BE+%D0%B4%D0%B8%D1%81%D1%86%D0%B8%D0%BF%D0%BB%D0%B8%D0%BD%D0%B5+%C2%AB%D0%90%D0%BB%D0%B3%D0%B5%D0%B1%D1%80%D0%B0%C2%BB.pdf
"в течение двух рабочих дней вносит результаты экзамена в информационную
систему «Модеус». 
13.Первая  и  вторая  повторные  аттестации  по  дисциплине  «Базы
данных»  проводятся  в  формате  сдачи  тестирования  в  соответствии  
с Положением о текущем контроле успеваемости и промежуточной аттестации
обучающихся ФГАОУ ВО «Тюменский государственный университет».",https://confluence.utmn.ru/pages/viewpage.action?pageId=86479068&preview=%2F86479068%2F115671120%2F%D0%9E%D0%B1+%D1%83%D1%82%D0%B2%D0%B5%D1%80%D0%B6%D0%B4%D0%B5%D0%BD%D0%B8%D0%B8+%D0%A0%D0%B5%D0%B3%D0%BB%D0%B0%D0%BC%D0%B5%D0%BD%D1%82%D0%B0+%D0%BF%D1%80%D0%BE%D0%B2%D0%B5%D0%B4%D0%B5%D0%BD%D0%B8%D1%8F+%D0%9F%D0%90+%D0%BF%D0%BE+%D0%B4%D0%B8%D1%81%D1%86%D0%B8%D0%BF%D0%BB%D0%B8%D0%BD%D0%B5+%C2%AB%D0%91%D0%B0%D0%B7%D1%8B+%D0%B4%D0%B0%D0%BD%D0%BD%D1%8B%D1%85%C2%BB.pdf
"и  определений,  связанных  с  задачей,  понимание  постановки  задачи,
обоснованный выбор формул и знание метода решения. 
4.2.4.Для  получения  оценки  «удовлетворительно»  необходимо
правильно решить 60% задач.
Для  получения  оценки  «хорошо»  необходимо  правильно  решить  76%
задач.
Для  получения  оценки  «отлично»  необходимо  правильно  решить  91%
задач, входящих в билет.
Оценка объявляется обучающемуся по окончании собеседования.
5.В случае несогласия с оценкой обучающийся может подать апелляцию
согласно правилам, установленным  в Положении о текущем контроле
успеваемости  и  промежуточной  аттестации  обучающихся  федерального
государственного  автономного образовательного  учреждения высшего
образования «Тюменский государственный  университет».
6.Итоговая оценка по дисциплине по итогам зачета определяется одним
из способов:
 сумма баллов, набранных в течение семестра, и баллов,  полученных
за тест на добор баллов;
 результат решения практических задач и прохождения собеседования.
7.Преподаватель,  ведущий практические занятия в группе, вносит
результаты зачета в информационную систему  «Модеус».
8.Оценки по дисциплине «Математический  анализ»  выставляются
в течение двух рабочих дней после проведения зачета.
9.Первая  и  вторая  повторные  аттестации  по  дисциплине
«Математический  анализ»  проводятся в формате выполнения обучающимся
тестового задания посредством учебного портала lms.utmn.ru в соответствии с
Положением
о текущем контроле успеваемости и промежуточной аттестации обучающихся
федерального  государственного  автономного  образовательного  учреждения
высшего образования «Тюменский государственный университет».",https://confluence.utmn.ru/pages/viewpage.action?pageId=86479068&preview=%2F86479068%2F115671121%2F%D0%9E%D0%B1+%D1%83%D1%82%D0%B2%D0%B5%D1%80%D0%B6%D0%B4%D0%B5%D0%BD%D0%B8%D0%B8+%D0%A0%D0%B5%D0%B3%D0%BB%D0%B0%D0%BC%D0%B5%D0%BD%D1%82%D0%B0+%D0%BF%D1%80%D0%BE%D0%B2%D0%B5%D0%B4%D0%B5%D0%BD%D0%B8%D1%8F+%D0%9F%D0%90+%D0%BF%D0%BE+%D0%B4%D0%B8%D1%81%D1%86%D0%B8%D0%BF%D0%BB%D0%B8%D0%BD%D0%B5+%C2%AB%D0%9C%D0%B0%D1%82%D0%B5%D0%BC%D0%B0%D1%82%D0%B8%D1%87%D0%B5%D1%81%D0%BA%D0%B8%D0%B9+%D0%B0%D0%BD%D0%B0%D0%BB%D0%B8%D0%B7%C2%BB.pdf
"и/или по результатам текущей успеваемости имеют менее 20 баллов, после
выполнения практического задания проходят обязательное собеседование. 
8.1.Баллы  за  задачи  в  таких  случаях  начисляются  обучающемуся
только при условии успешного прохождения собеседования.
8.2. Успешным  прохождение  собеседования  считается,  если
обучающейся  демонстрирует  при  ответе  знание  основных  понятий  и
определений,  связанных  с  задачей,  понимание  постановки  задачи,
обоснованный выбор формул и знание метода решения. 
9.В  случае  несогласия  с  оценкой,  обучающейся  может  подать
апелляцию  согласно  правилам,  установленным  в  Положении  о  текущем
контроле  успеваемости  и  промежуточной  аттестации  обучающихся
федерального государственного автономного образовательного учреждения
высшего образования «Тюменский государственный университет».
10.Итоговая оценка по дисциплине определяется одним из способов:
–сумма баллов текущей успеваемости;
–сумма баллов, полученных на зачете. 
11.  Количество  баллов,  полученных  обучающимся  на  аттестации,
переводится  в  формат  традиционной  оценки  в  соответствии  со  шкалой
перевода:
− «отлично» – от 9 до 10 баллов; 
− «хорошо» – от 7 до 8 баллов; 
− «удовлетворительно» – от 5 до 6 баллов;
− «неудовлетворительно» – от 0 до 4 баллов. 11.Преподаватель,  ведущий  практические  занятия  в  группе,  вносит
результаты зачета в ИС «Модеус». 
12.Оценки по дисциплине «Математика» выставляются в течение двух
рабочих дней после проведения зачета. 
13.Первая  и  вторая  повторные  аттестации  по  дисциплине
«Математика»  проводятся  в  формате  выполнения  обучающемся
практического  задания  и  собеседования  с  преподавателем  по  основным
изученным темам и по решенным задачам  в соответствии с Положением о
текущем контроле успеваемости и промежуточной аттестации обучающихся
ФГАОУ ВО «Тюменский государственный университет».",https://confluence.utmn.ru/pages/viewpage.action?pageId=86479068&preview=%2F86479068%2F115671123%2F%D0%9E%D0%B1+%D1%83%D1%82%D0%B2%D0%B5%D1%80%D0%B6%D0%B4%D0%B5%D0%BD%D0%B8%D0%B8+%D0%A0%D0%B5%D0%B3%D0%BB%D0%B0%D0%BC%D0%B5%D0%BD%D1%82%D0%B0+%D0%BF%D1%80%D0%BE%D0%B2%D0%B5%D0%B4%D0%B5%D0%BD%D0%B8%D1%8F+%D0%9F%D0%90+%D0%BF%D0%BE+%D0%9C%D0%B0%D1%82%D0%B5%D0%BC%D0%B0%D1%82%D0%B8%D0%BA%D0%B5.pdf
"федерального  государственного  автономного  образовательного  учреждения
высшего образования «Тюменский государственный университет».
11.Преподаватель,  ведущий  практические  занятия  у  обучающегося,
вносит  результаты  промежуточной  аттестации  в  информационную  систему
«Модеус». 
12.Оценки  по  дисциплине  «Программирование  и  основы
алгоритмизации» выставляются в день проведения промежуточной аттестации. 
13.Первая  и  вторая  повторные  промежуточные  аттестации
по  дисциплине  «Программирование  и  основы  алгоритмизации»  проводятся
в  формате  написания  теста  посредством  учебного  портала  lms.utmn.ru
и  выполнения  практических  заданий,  аналогичных  изученным  в  течение
семестра.",https://confluence.utmn.ru/pages/viewpage.action?pageId=86479068&preview=%2F86479068%2F115671124%2F%D0%9E%D0%B1+%D1%83%D1%82%D0%B2%D0%B5%D1%80%D0%B6%D0%B4%D0%B5%D0%BD%D0%B8%D0%B8+%D0%A0%D0%B5%D0%B3%D0%BB%D0%B0%D0%BC%D0%B5%D0%BD%D1%82%D0%B0+%D0%BF%D1%80%D0%BE%D0%B2%D0%B5%D0%B4%D0%B5%D0%BD%D0%B8%D1%8F+%D0%9F%D0%90+%D0%BF%D0%BE+%D0%9F%D0%B8%D0%9E%D0%90.pdf
"из  суммы  баллов,  полученных  обучающимся  за  лекционный  блок  и
практические занятия, после чего выставляется в форме дифференцированного
зачета
в соответствии со шкалой перевода: 
− «отлично» – от 91 до 100 баллов; 
− «хорошо» – от 76 до 90 баллов; 
− «удовлетворительно» – от 61 до 75 баллов;
− «неудовлетворительно» – менее 61 балла.
10.В  случае  несогласия  обучающегося  с  суммой  баллов,  набранных
по  итогам  текущего  контроля,  он  имеет  право  выйти  на  промежуточную
аттестацию.
11.Промежуточная  аттестация  по  дисциплине  проводится  в  формате
тестирования  по  содержанию  дисциплины  (далее  –  тестирование).
Тестирование проводится в асинхронном онлайн-формате посредством ЭИОС.
12.Максимальное количество баллов за тестирование – 20.
13.Итоговая  оценка  по  дисциплине  определяется  как  сумма  баллов
за лекционный блок, за работу на практических занятиях и за тестирование.
Общее количество баллов не может превышать 100 баллов за весь курс.
14.Итоговая  оценка  переводится  в  оценку  в  соответствии  со  шкалой
перевода: 
− «отлично» – от 91 до 100 баллов; 
− «хорошо» – от 76 до 90 баллов; 
− «удовлетворительно» – от 61 до 75 баллов;
− «неудовлетворительно» – менее 61 балла.
15.Преподаватель, ведущий практические занятия по дисциплине, вносит
результаты  дифференцированного  зачета  в  информационную  систему
«Модеус». 
16.В  случае  несогласия  с  оценкой  обучающийся  может  подать
апелляцию  согласно  правилам,  установленным  в  Положении  о  текущем
контроле  успеваемости  и  промежуточной  аттестации  обучающихся
федерального  государственного  автономного  образовательного  учреждения
высшего образования «Тюменский государственный университет».
17.Повторная и вторая повторные аттестации по дисциплине проводятся
в формате сдачи итогового тестирования по содержанию дисциплины.
18.Доступ  к  тестированию  для  прохождения  повторной  и  второй
повторных  аттестаций  предоставляется  в  асинхронном  онлайн-формате
посредством ЭИОС.",https://confluence.utmn.ru/pages/viewpage.action?pageId=86479068&preview=%2F86479068%2F115671125%2F%D0%9E%D0%B1+%D1%83%D1%82%D0%B2%D0%B5%D1%80%D0%B6%D0%B4%D0%B5%D0%BD%D0%B8%D0%B8+%D0%A0%D0%B5%D0%B3%D0%BB%D0%B0%D0%BC%D0%B5%D0%BD%D1%82%D0%B0+%D1%80%D0%B5%D0%B0%D0%BB%D0%B8%D0%B7%D0%B0%D1%86%D0%B8%D0%B8+%D0%B4%D0%B8%D1%81%D1%86%D0%B8%D0%BF%D0%BB%D0%B8%D0%BD%D1%8B+%C2%AB%D0%98%D1%81%D1%82%D0%BE%D1%80%D0%B8%D1%8F+%D0%A0%D0%BE%D1%81%D1%81%D0%B8%D0%B8%C2%BB.pdf
"образовательных  интернет-платформах  Университета  или  партнеров
Университета.
8.Следующие  категории  обучающихся  допускаются  к  изучению
дисциплины в онлайн-формате: 
–  лица,  восстановившиеся  из  академического  отпуска  после  шестой
недели реализации дисциплины;
– лица, ликвидирующие академическую разницу; 
– лица с ограниченными возможностями здоровья (в тех случаях, когда
ограничения здоровья не позволяют проходить дисциплину в офлайн-формате);
– обучающиеся со свободным посещением. 
9.Итоговое  количество  баллов  за  текущий  контроль  складывается
из  суммы  баллов,  полученных  обучающимся  за  лекционный  блок  и
практические  занятия,  после  чего  выставляется  в  форме  экзамена
в соответствии со шкалой перевода: 
− «отлично» – от 91 до 100 баллов; 
− «хорошо» – от 76 до 90 баллов; 
− «удовлетворительно» – от 61 до 75 баллов;
− «неудовлетворительно» – менее 61 балла.
10.В  случае  несогласия  обучающегося  с  суммой  баллов,  набранных
по  итогам  текущего  контроля,  он  имеет  право  выйти  на  промежуточную
аттестацию.
11.Промежуточная  аттестация  по  дисциплине  проводится  в  формате
тестирования  по  содержанию  дисциплины  (далее  –  тестирование).
Тестирование проводится в асинхронном онлайн-формате посредством ЭИОС.
12.Максимальное количество баллов за тестирование – 100.
13.Итоговая  оценка  переводится  в  оценку  в  соответствии  со  шкалой
перевода: 
− «отлично» – от 91 до 100 баллов; 
− «хорошо» – от 76 до 90 баллов; 
− «удовлетворительно» – от 61 до 75 баллов;
− «неудовлетворительно» – менее 61 балла.
14.Преподаватель,  ведущий  практические  занятия  по  мастерской
«Данные», вносит результаты экзамена в информационную систему «Модеус». 
15.В  случае  несогласия  с  оценкой  обучающийся  может  подать
апелляцию  согласно  правилам,  установленным  в  Положении  о  текущем
контроле  успеваемости  и  промежуточной  аттестации  обучающихся
федерального  государственного  автономного  образовательного  учреждения
высшего образования «Тюменский государственный университет».
16.Повторная и вторая повторные аттестации по дисциплине проводятся
в формате сдачи итогового тестирования по содержанию дисциплины.
17.Доступ  к  тестированию  для  прохождения  повторной  и  второй
повторных  аттестаций  предоставляется  в  асинхронном  онлайн-формате
посредством ЭИОС.",https://confluence.utmn.ru/pages/viewpage.action?pageId=86479068&preview=%2F86479068%2F115671129%2F%D0%9E%D0%B1+%D1%83%D1%82%D0%B2%D0%B5%D1%80%D0%B6%D0%B4%D0%B5%D0%BD%D0%B8%D0%B8+%D0%A0%D0%B5%D0%B3%D0%BB%D0%B0%D0%BC%D0%B5%D0%BD%D1%82%D0%B0+%D1%80%D0%B5%D0%B0%D0%BB%D0%B8%D0%B7%D0%B0%D1%86%D0%B8%D0%B8+%D0%B4%D0%B8%D1%81%D1%86%D0%B8%D0%BF%D0%BB%D0%B8%D0%BD%D1%8B+%D0%90%D0%BD%D0%B0%D0%BB%D0%B8%D1%82%D0%B8%D1%87%D0%B5%D1%81%D0%BA%D0%B0%D1%8F+%D1%81%D0%B8%D1%81%D1%82%D0%B5%D0%BC%D0%B0%D1%82%D0%B8%D0%BA%D0%B0.pdf
"− «отлично» –  по  результатам  теста  обучающийся  дал  не  менее  75%
правильных  ответов  и  правильно  решил  две  практические  задачи,  а  также
успешно прошел собеседование с преподавателем;
− «хорошо» –  по  результатам  теста  обучающийся  дал  не  менее  75%
правильных ответов и правильно решил одну из практических задач или решил
обе, но допустил незначительные ошибки при их решении, а также успешно
прошел собеседование с преподавателем;
− «удовлетворительно»  – по результатам теста обучающийся дал не менее
60%  правильных  ответов,  от  решения  практических  задач  отказался
или  допустил  грубые  ошибки  при  их  решении,  а  также  не  прошел
собеседование с преподавателем;
− «неудовлетворительно»  – по результатам теста обучающейся дал менее
60% правильных ответов.
9.Преподаватель,  ведущий  практические  занятия  в  группе,  вносит
результаты аттестации в информационной системе «Модеус». 
10.Оценки за  аттестацию  «Дискретная  математика»  выставляются
в течение двух рабочих дней после проведения аттестации. 
В случае несогласия с оценкой, обучающийся может подать апелляцию
согласно  правилам,  установленным  в  Положении  о  текущем  контроле
успеваемости  и  промежуточной  аттестации  обучающихся  федерального
государственного  автономного  образовательного  учреждения  высшего
образования «Тюменский государственный университет».
11.Первая и вторая повторные аттестации по дисциплине «Дискретная
математика»  проводятся  в  формате  выполнения  обучающимся  теста,
практического  задания  и  собеседования  с  преподавателем  в  соответствии
с Положением о текущем контроле успеваемости и промежуточной аттестации
обучающихся  федерального  государственного  автономного  образовательного
учреждения высшего образования «Тюменский государственный университет».",https://confluence.utmn.ru/pages/viewpage.action?pageId=86479068&preview=%2F86479068%2F115671130%2F%D0%9E%D0%B1+%D1%83%D1%82%D0%B2%D0%B5%D1%80%D0%B6%D0%B4%D0%B5%D0%BD%D0%B8%D0%B8+%D0%A0%D0%B5%D0%B3%D0%BB%D0%B0%D0%BC%D0%B5%D0%BD%D1%82%D0%B0+%D0%BF%D1%80%D0%BE%D0%B2%D0%B5%D0%B4%D0%B5%D0%BD%D0%B8%D1%8F+%D0%9F%D0%90+%D0%BF%D0%BE+%D0%94%D0%B8%D1%81%D0%BA%D1%80%D0%B5%D1%82%D0%BD%D0%BE%D0%B9+%D0%BC%D0%B0%D1%82%D0%B5%D0%BC%D0%B0%D1%82%D0%B8%D0%BA%D0%B5.pdf
"Студенту, имеющему уважительную причину отсутствия, подтвержденную документально, необходимо предоставить документы в ""Единый деканат"" не позднее 3 (трех) рабочих дней с момента получения документа: - лично по адресу ул. Семакова, д. 18  - на электронную почту  ed@utmn.ru Обучающемуся, не прошедшему мероприятия текущего контроля успеваемости по уважительной причине (болезнь (медицинская справка), участие в региональных межвузовских олимпиадах, как представитель Университета, в российских или международных соревнованиях, смерть близкого родственника, природная катастрофа или стихийное бедствие, повестка для явки в суд  или в правоохранительные органы и др.) (далее – уважительная причина), подтвержденной документально, предоставляется возможность пройти их. В этом случае, в течение 3 (трех) рабочих дней с момента получения документа обучающийся предъявляет преподавателю, ведущему данный учебный предмет, дисциплину, модуль, документ, подтверждающий уважительную причину отсутствия, согласовывает с ним дату и время прохождения текущего контроля успеваемости. Пропущенный учебный материал обучающийся осваивает самостоятельно, при необходимости может получить консультацию преподавателя. Обучающемуся, не прошедшему мероприятие текущего контроля успеваемости без уважительной причины, право его пройти предоставляется только с согласия преподавателя, ведущего данный учебный предмет, дисциплину, модуль. Если в период отсутствия по уважительной причине проходила промежуточная/повторная промежуточная аттестация (зачет/диф.зачет/экзамен), необходимо подать заявление о переносе аттестации с предоставлением документа, подтверждающего уважительную причину (смотри раздел ""Перенос аттестации"").",https://confluence.utmn.ru/pages/viewpage.action?pageId=121913369
"Студент может быть отчислен:  - по собственному желанию;  - переводом в другую образовательную организацию; - невыполнение обязанностей по добросовестному освоению образовательной программы и выполнению учебного плана; - невыполнение условий договора об оказании платных образовательных услуг в связи с просрочкой оплаты стоимости платных образовательных услуг;  - установление нарушения порядка приема в Университет, повлекшего по вине обучающегося его незаконное зачисление в Университет; - применение к обучающемуся, достигшему возраста пятнадцати лет, отчисления как меры дисциплинарного взыскания (использование подложного документа, непосещение в обязательном порядке занятий в соответствии с учебным планом и расписанием, невыход из академического отпуска). Подать заявление об отчислении по собственному желанию можно в личном кабинете на портале ""Вместе"" (Обучение -> Заявления) или лично в ""Едином деканате"". Если студент является несовершеннолетним, т акже необходимо предоставить:  -  согласие на отчисление от Ваших родителей (родителя) - документ, удостоверяющий личность родителя (паспорт) - Ваше свидетельство о рождении.  Подать заявление об отчислении в связи с переводом в другую образовательную организацию  можно в личном кабинете на портале «Вместе» с приложением справки о переводе и перечня изученных дисциплин, пройденных практик, выполненных научных исследований, которые будут перезачтены или переаттестованы обучающемуся при переводе (при наличии) или лично в ""Едином деканате"".",https://confluence.utmn.ru/pages/viewpage.action?pageId=121913378
